Id;País;ano;Quantidade (Kg)
1;Africa do Sul;1970;0
2;Alemanha;1970;0
3;Argentina;1970;0
4;Austria;1970;0
5;Canadá;1970;0
6;Coreia do Sul, República;1970;0
7;Coreia do Norte, República;1970;0
8;Chile;1970;0
9;China;1970;0
10;Dinamarca;1970;0
11;Espanha;1970;0
12;Estados Unidos;1970;0
13;França;1970;0
14;Guiana;1970;0
15;Israel;1970;0
16;itália;1970;0
17;Japão;1970;0
18;Líbano;1970;0
19;México;1970;0
20;Países Baixos;1970;0
21;Panamá;1970;0
22;Peru;1970;0
23;Portugal;1970;0
24;Reino Unido;1970;0
25;Taiwan;1970;0
26;Turquia;1970;0
27;Uruguai;1970;0
28;Venezuela;1970;0
29;Outros;1970;0
1;Africa do Sul;1970;0
2;Alemanha;1970;0
3;Argentina;1970;0
4;Austria;1970;0
5;Canadá;1970;0
6;Coreia do Sul, República;1970;0
7;Coreia do Norte, República;1970;0
8;Chile;1970;0
9;China;1970;0
10;Dinamarca;1970;0
11;Espanha;1970;0
12;Estados Unidos;1970;0
13;França;1970;0
14;Guiana;1970;0
15;Israel;1970;0
16;itália;1970;0
17;Japão;1970;0
18;Líbano;1970;0
19;México;1970;0
20;Países Baixos;1970;0
21;Panamá;1970;0
22;Peru;1970;0
23;Portugal;1970;0
24;Reino Unido;1970;0
25;Taiwan;1970;0
26;Turquia;1970;0
27;Uruguai;1970;0
28;Venezuela;1970;0
29;Outros;1970;0
1;Africa do Sul;1971;0
2;Alemanha;1971;0
3;Argentina;1971;0
4;Austria;1971;0
5;Canadá;1971;0
6;Coreia do Sul, República;1971;0
7;Coreia do Norte, República;1971;0
8;Chile;1971;0
9;China;1971;0
10;Dinamarca;1971;34
11;Espanha;1971;0
12;Estados Unidos;1971;210
13;França;1971;81
14;Guiana;1971;0
15;Israel;1971;0
16;itália;1971;0
17;Japão;1971;0
18;Líbano;1971;0
19;México;1971;0
20;Países Baixos;1971;0
21;Panamá;1971;0
22;Peru;1971;0
23;Portugal;1971;160
24;Reino Unido;1971;0
25;Taiwan;1971;0
26;Turquia;1971;0
27;Uruguai;1971;0
28;Venezuela;1971;0
29;Outros;1971;0
1;Africa do Sul;1971;0
2;Alemanha;1971;0
3;Argentina;1971;0
4;Austria;1971;0
5;Canadá;1971;0
6;Coreia do Sul, República;1971;0
7;Coreia do Norte, República;1971;0
8;Chile;1971;0
9;China;1971;0
10;Dinamarca;1971;16
11;Espanha;1971;0
12;Estados Unidos;1971;777
13;França;1971;48
14;Guiana;1971;0
15;Israel;1971;0
16;itália;1971;0
17;Japão;1971;0
18;Líbano;1971;0
19;México;1971;0
20;Países Baixos;1971;0
21;Panamá;1971;0
22;Peru;1971;0
23;Portugal;1971;109
24;Reino Unido;1971;0
25;Taiwan;1971;0
26;Turquia;1971;0
27;Uruguai;1971;0
28;Venezuela;1971;0
29;Outros;1971;0
1;Africa do Sul;1972;0
2;Alemanha;1972;0
3;Argentina;1972;0
4;Austria;1972;0
5;Canadá;1972;0
6;Coreia do Sul, República;1972;0
7;Coreia do Norte, República;1972;0
8;Chile;1972;0
9;China;1972;0
10;Dinamarca;1972;20
11;Espanha;1972;0
12;Estados Unidos;1972;0
13;França;1972;36
14;Guiana;1972;0
15;Israel;1972;0
16;itália;1972;0
17;Japão;1972;0
18;Líbano;1972;0
19;México;1972;0
20;Países Baixos;1972;0
21;Panamá;1972;0
22;Peru;1972;0
23;Portugal;1972;125
24;Reino Unido;1972;458
25;Taiwan;1972;0
26;Turquia;1972;0
27;Uruguai;1972;0
28;Venezuela;1972;0
29;Outros;1972;0
1;Africa do Sul;1972;0
2;Alemanha;1972;0
3;Argentina;1972;0
4;Austria;1972;0
5;Canadá;1972;0
6;Coreia do Sul, República;1972;0
7;Coreia do Norte, República;1972;0
8;Chile;1972;0
9;China;1972;0
10;Dinamarca;1972;8
11;Espanha;1972;0
12;Estados Unidos;1972;0
13;França;1972;32
14;Guiana;1972;0
15;Israel;1972;0
16;itália;1972;0
17;Japão;1972;0
18;Líbano;1972;0
19;México;1972;0
20;Países Baixos;1972;0
21;Panamá;1972;0
22;Peru;1972;0
23;Portugal;1972;82
24;Reino Unido;1972;189
25;Taiwan;1972;0
26;Turquia;1972;0
27;Uruguai;1972;0
28;Venezuela;1972;0
29;Outros;1972;0
1;Africa do Sul;1973;0
2;Alemanha;1973;0
3;Argentina;1973;3600
4;Austria;1973;0
5;Canadá;1973;0
6;Coreia do Sul, República;1973;0
7;Coreia do Norte, República;1973;0
8;Chile;1973;0
9;China;1973;0
10;Dinamarca;1973;80
11;Espanha;1973;0
12;Estados Unidos;1973;7
13;França;1973;27
14;Guiana;1973;35
15;Israel;1973;0
16;itália;1973;0
17;Japão;1973;0
18;Líbano;1973;0
19;México;1973;0
20;Países Baixos;1973;0
21;Panamá;1973;0
22;Peru;1973;0
23;Portugal;1973;1402
24;Reino Unido;1973;244
25;Taiwan;1973;0
26;Turquia;1973;0
27;Uruguai;1973;0
28;Venezuela;1973;127
29;Outros;1973;0
1;Africa do Sul;1973;0
2;Alemanha;1973;0
3;Argentina;1973;1350
4;Austria;1973;0
5;Canadá;1973;0
6;Coreia do Sul, República;1973;0
7;Coreia do Norte, República;1973;0
8;Chile;1973;0
9;China;1973;0
10;Dinamarca;1973;38
11;Espanha;1973;0
12;Estados Unidos;1973;7
13;França;1973;36
14;Guiana;1973;12
15;Israel;1973;0
16;itália;1973;0
17;Japão;1973;0
18;Líbano;1973;0
19;México;1973;0
20;Países Baixos;1973;0
21;Panamá;1973;0
22;Peru;1973;0
23;Portugal;1973;732
24;Reino Unido;1973;129
25;Taiwan;1973;0
26;Turquia;1973;0
27;Uruguai;1973;0
28;Venezuela;1973;185
29;Outros;1973;0
1;Africa do Sul;1974;0
2;Alemanha;1974;0
3;Argentina;1974;10200
4;Austria;1974;0
5;Canadá;1974;0
6;Coreia do Sul, República;1974;0
7;Coreia do Norte, República;1974;0
8;Chile;1974;0
9;China;1974;0
10;Dinamarca;1974;0
11;Espanha;1974;0
12;Estados Unidos;1974;731
13;França;1974;0
14;Guiana;1974;0
15;Israel;1974;18
16;itália;1974;0
17;Japão;1974;0
18;Líbano;1974;0
19;México;1974;0
20;Países Baixos;1974;0
21;Panamá;1974;0
22;Peru;1974;0
23;Portugal;1974;0
24;Reino Unido;1974;0
25;Taiwan;1974;0
26;Turquia;1974;0
27;Uruguai;1974;0
28;Venezuela;1974;0
29;Outros;1974;0
1;Africa do Sul;1974;0
2;Alemanha;1974;0
3;Argentina;1974;3500
4;Austria;1974;0
5;Canadá;1974;0
6;Coreia do Sul, República;1974;0
7;Coreia do Norte, República;1974;0
8;Chile;1974;0
9;China;1974;0
10;Dinamarca;1974;0
11;Espanha;1974;0
12;Estados Unidos;1974;406
13;França;1974;0
14;Guiana;1974;0
15;Israel;1974;8
16;itália;1974;0
17;Japão;1974;0
18;Líbano;1974;0
19;México;1974;0
20;Países Baixos;1974;0
21;Panamá;1974;0
22;Peru;1974;0
23;Portugal;1974;0
24;Reino Unido;1974;0
25;Taiwan;1974;0
26;Turquia;1974;0
27;Uruguai;1974;0
28;Venezuela;1974;0
29;Outros;1974;0
1;Africa do Sul;1975;0
2;Alemanha;1975;5
3;Argentina;1975;6
4;Austria;1975;0
5;Canadá;1975;0
6;Coreia do Sul, República;1975;0
7;Coreia do Norte, República;1975;0
8;Chile;1975;0
9;China;1975;0
10;Dinamarca;1975;0
11;Espanha;1975;0
12;Estados Unidos;1975;3364
13;França;1975;0
14;Guiana;1975;0
15;Israel;1975;225
16;itália;1975;0
17;Japão;1975;0
18;Líbano;1975;0
19;México;1975;0
20;Países Baixos;1975;0
21;Panamá;1975;0
22;Peru;1975;0
23;Portugal;1975;0
24;Reino Unido;1975;0
25;Taiwan;1975;0
26;Turquia;1975;0
27;Uruguai;1975;0
28;Venezuela;1975;0
29;Outros;1975;0
1;Africa do Sul;1975;0
2;Alemanha;1975;1
3;Argentina;1975;5
4;Austria;1975;0
5;Canadá;1975;0
6;Coreia do Sul, República;1975;0
7;Coreia do Norte, República;1975;0
8;Chile;1975;0
9;China;1975;0
10;Dinamarca;1975;0
11;Espanha;1975;0
12;Estados Unidos;1975;859
13;França;1975;0
14;Guiana;1975;0
15;Israel;1975;112
16;itália;1975;0
17;Japão;1975;0
18;Líbano;1975;0
19;México;1975;0
20;Países Baixos;1975;0
21;Panamá;1975;0
22;Peru;1975;0
23;Portugal;1975;0
24;Reino Unido;1975;0
25;Taiwan;1975;0
26;Turquia;1975;0
27;Uruguai;1975;0
28;Venezuela;1975;0
29;Outros;1975;0
1;Africa do Sul;1976;0
2;Alemanha;1976;0
3;Argentina;1976;0
4;Austria;1976;0
5;Canadá;1976;0
6;Coreia do Sul, República;1976;0
7;Coreia do Norte, República;1976;0
8;Chile;1976;0
9;China;1976;0
10;Dinamarca;1976;0
11;Espanha;1976;0
12;Estados Unidos;1976;3265
13;França;1976;0
14;Guiana;1976;0
15;Israel;1976;405
16;itália;1976;0
17;Japão;1976;0
18;Líbano;1976;0
19;México;1976;0
20;Países Baixos;1976;0
21;Panamá;1976;0
22;Peru;1976;0
23;Portugal;1976;0
24;Reino Unido;1976;0
25;Taiwan;1976;0
26;Turquia;1976;0
27;Uruguai;1976;15000
28;Venezuela;1976;0
29;Outros;1976;0
1;Africa do Sul;1976;0
2;Alemanha;1976;0
3;Argentina;1976;0
4;Austria;1976;0
5;Canadá;1976;0
6;Coreia do Sul, República;1976;0
7;Coreia do Norte, República;1976;0
8;Chile;1976;0
9;China;1976;0
10;Dinamarca;1976;0
11;Espanha;1976;0
12;Estados Unidos;1976;742
13;França;1976;0
14;Guiana;1976;0
15;Israel;1976;225
16;itália;1976;0
17;Japão;1976;0
18;Líbano;1976;0
19;México;1976;0
20;Países Baixos;1976;0
21;Panamá;1976;0
22;Peru;1976;0
23;Portugal;1976;0
24;Reino Unido;1976;0
25;Taiwan;1976;0
26;Turquia;1976;0
27;Uruguai;1976;4500
28;Venezuela;1976;0
29;Outros;1976;0
1;Africa do Sul;1977;0
2;Alemanha;1977;0
3;Argentina;1977;0
4;Austria;1977;0
5;Canadá;1977;0
6;Coreia do Sul, República;1977;0
7;Coreia do Norte, República;1977;0
8;Chile;1977;0
9;China;1977;0
10;Dinamarca;1977;0
11;Espanha;1977;0
12;Estados Unidos;1977;0
13;França;1977;0
14;Guiana;1977;0
15;Israel;1977;0
16;itália;1977;0
17;Japão;1977;0
18;Líbano;1977;0
19;México;1977;0
20;Países Baixos;1977;0
21;Panamá;1977;0
22;Peru;1977;0
23;Portugal;1977;0
24;Reino Unido;1977;0
25;Taiwan;1977;0
26;Turquia;1977;0
27;Uruguai;1977;0
28;Venezuela;1977;0
29;Outros;1977;0
1;Africa do Sul;1977;0
2;Alemanha;1977;0
3;Argentina;1977;0
4;Austria;1977;0
5;Canadá;1977;0
6;Coreia do Sul, República;1977;0
7;Coreia do Norte, República;1977;0
8;Chile;1977;0
9;China;1977;0
10;Dinamarca;1977;0
11;Espanha;1977;0
12;Estados Unidos;1977;0
13;França;1977;0
14;Guiana;1977;0
15;Israel;1977;0
16;itália;1977;0
17;Japão;1977;0
18;Líbano;1977;0
19;México;1977;0
20;Países Baixos;1977;0
21;Panamá;1977;0
22;Peru;1977;0
23;Portugal;1977;0
24;Reino Unido;1977;0
25;Taiwan;1977;0
26;Turquia;1977;0
27;Uruguai;1977;0
28;Venezuela;1977;0
29;Outros;1977;0
1;Africa do Sul;1978;0
2;Alemanha;1978;0
3;Argentina;1978;2790
4;Austria;1978;0
5;Canadá;1978;0
6;Coreia do Sul, República;1978;0
7;Coreia do Norte, República;1978;0
8;Chile;1978;0
9;China;1978;0
10;Dinamarca;1978;0
11;Espanha;1978;0
12;Estados Unidos;1978;0
13;França;1978;0
14;Guiana;1978;0
15;Israel;1978;0
16;itália;1978;0
17;Japão;1978;0
18;Líbano;1978;0
19;México;1978;0
20;Países Baixos;1978;0
21;Panamá;1978;0
22;Peru;1978;0
23;Portugal;1978;0
24;Reino Unido;1978;0
25;Taiwan;1978;0
26;Turquia;1978;0
27;Uruguai;1978;0
28;Venezuela;1978;0
29;Outros;1978;0
1;Africa do Sul;1978;0
2;Alemanha;1978;0
3;Argentina;1978;2850
4;Austria;1978;0
5;Canadá;1978;0
6;Coreia do Sul, República;1978;0
7;Coreia do Norte, República;1978;0
8;Chile;1978;0
9;China;1978;0
10;Dinamarca;1978;0
11;Espanha;1978;0
12;Estados Unidos;1978;0
13;França;1978;0
14;Guiana;1978;0
15;Israel;1978;0
16;itália;1978;0
17;Japão;1978;0
18;Líbano;1978;0
19;México;1978;0
20;Países Baixos;1978;0
21;Panamá;1978;0
22;Peru;1978;0
23;Portugal;1978;0
24;Reino Unido;1978;0
25;Taiwan;1978;0
26;Turquia;1978;0
27;Uruguai;1978;0
28;Venezuela;1978;0
29;Outros;1978;0
1;Africa do Sul;1979;0
2;Alemanha;1979;0
3;Argentina;1979;0
4;Austria;1979;0
5;Canadá;1979;0
6;Coreia do Sul, República;1979;0
7;Coreia do Norte, República;1979;0
8;Chile;1979;0
9;China;1979;0
10;Dinamarca;1979;49
11;Espanha;1979;0
12;Estados Unidos;1979;0
13;França;1979;0
14;Guiana;1979;0
15;Israel;1979;0
16;itália;1979;0
17;Japão;1979;0
18;Líbano;1979;0
19;México;1979;0
20;Países Baixos;1979;0
21;Panamá;1979;0
22;Peru;1979;0
23;Portugal;1979;0
24;Reino Unido;1979;0
25;Taiwan;1979;0
26;Turquia;1979;0
27;Uruguai;1979;0
28;Venezuela;1979;0
29;Outros;1979;0
1;Africa do Sul;1979;0
2;Alemanha;1979;0
3;Argentina;1979;0
4;Austria;1979;0
5;Canadá;1979;0
6;Coreia do Sul, República;1979;0
7;Coreia do Norte, República;1979;0
8;Chile;1979;0
9;China;1979;0
10;Dinamarca;1979;64
11;Espanha;1979;0
12;Estados Unidos;1979;0
13;França;1979;0
14;Guiana;1979;0
15;Israel;1979;0
16;itália;1979;0
17;Japão;1979;0
18;Líbano;1979;0
19;México;1979;0
20;Países Baixos;1979;0
21;Panamá;1979;0
22;Peru;1979;0
23;Portugal;1979;0
24;Reino Unido;1979;0
25;Taiwan;1979;0
26;Turquia;1979;0
27;Uruguai;1979;0
28;Venezuela;1979;0
29;Outros;1979;0
1;Africa do Sul;1980;0
2;Alemanha;1980;0
3;Argentina;1980;0
4;Austria;1980;0
5;Canadá;1980;0
6;Coreia do Sul, República;1980;0
7;Coreia do Norte, República;1980;0
8;Chile;1980;0
9;China;1980;0
10;Dinamarca;1980;0
11;Espanha;1980;0
12;Estados Unidos;1980;0
13;França;1980;0
14;Guiana;1980;0
15;Israel;1980;0
16;itália;1980;0
17;Japão;1980;0
18;Líbano;1980;0
19;México;1980;0
20;Países Baixos;1980;0
21;Panamá;1980;0
22;Peru;1980;0
23;Portugal;1980;0
24;Reino Unido;1980;0
25;Taiwan;1980;0
26;Turquia;1980;0
27;Uruguai;1980;0
28;Venezuela;1980;0
29;Outros;1980;0
1;Africa do Sul;1980;0
2;Alemanha;1980;0
3;Argentina;1980;0
4;Austria;1980;0
5;Canadá;1980;0
6;Coreia do Sul, República;1980;0
7;Coreia do Norte, República;1980;0
8;Chile;1980;0
9;China;1980;0
10;Dinamarca;1980;0
11;Espanha;1980;0
12;Estados Unidos;1980;0
13;França;1980;0
14;Guiana;1980;0
15;Israel;1980;0
16;itália;1980;0
17;Japão;1980;0
18;Líbano;1980;0
19;México;1980;0
20;Países Baixos;1980;0
21;Panamá;1980;0
22;Peru;1980;0
23;Portugal;1980;0
24;Reino Unido;1980;0
25;Taiwan;1980;0
26;Turquia;1980;0
27;Uruguai;1980;0
28;Venezuela;1980;0
29;Outros;1980;0
1;Africa do Sul;1981;0
2;Alemanha;1981;0
3;Argentina;1981;0
4;Austria;1981;0
5;Canadá;1981;0
6;Coreia do Sul, República;1981;0
7;Coreia do Norte, República;1981;0
8;Chile;1981;0
9;China;1981;0
10;Dinamarca;1981;0
11;Espanha;1981;0
12;Estados Unidos;1981;0
13;França;1981;0
14;Guiana;1981;0
15;Israel;1981;0
16;itália;1981;0
17;Japão;1981;0
18;Líbano;1981;0
19;México;1981;0
20;Países Baixos;1981;0
21;Panamá;1981;0
22;Peru;1981;0
23;Portugal;1981;0
24;Reino Unido;1981;0
25;Taiwan;1981;0
26;Turquia;1981;0
27;Uruguai;1981;0
28;Venezuela;1981;0
29;Outros;1981;0
1;Africa do Sul;1981;0
2;Alemanha;1981;0
3;Argentina;1981;0
4;Austria;1981;0
5;Canadá;1981;0
6;Coreia do Sul, República;1981;0
7;Coreia do Norte, República;1981;0
8;Chile;1981;0
9;China;1981;0
10;Dinamarca;1981;0
11;Espanha;1981;0
12;Estados Unidos;1981;0
13;França;1981;0
14;Guiana;1981;0
15;Israel;1981;0
16;itália;1981;0
17;Japão;1981;0
18;Líbano;1981;0
19;México;1981;0
20;Países Baixos;1981;0
21;Panamá;1981;0
22;Peru;1981;0
23;Portugal;1981;0
24;Reino Unido;1981;0
25;Taiwan;1981;0
26;Turquia;1981;0
27;Uruguai;1981;0
28;Venezuela;1981;0
29;Outros;1981;0
1;Africa do Sul;1982;0
2;Alemanha;1982;0
3;Argentina;1982;0
4;Austria;1982;0
5;Canadá;1982;0
6;Coreia do Sul, República;1982;0
7;Coreia do Norte, República;1982;0
8;Chile;1982;0
9;China;1982;0
10;Dinamarca;1982;0
11;Espanha;1982;0
12;Estados Unidos;1982;0
13;França;1982;0
14;Guiana;1982;0
15;Israel;1982;0
16;itália;1982;0
17;Japão;1982;0
18;Líbano;1982;0
19;México;1982;0
20;Países Baixos;1982;0
21;Panamá;1982;48
22;Peru;1982;0
23;Portugal;1982;0
24;Reino Unido;1982;0
25;Taiwan;1982;0
26;Turquia;1982;0
27;Uruguai;1982;0
28;Venezuela;1982;0
29;Outros;1982;0
1;Africa do Sul;1982;0
2;Alemanha;1982;0
3;Argentina;1982;0
4;Austria;1982;0
5;Canadá;1982;0
6;Coreia do Sul, República;1982;0
7;Coreia do Norte, República;1982;0
8;Chile;1982;0
9;China;1982;0
10;Dinamarca;1982;0
11;Espanha;1982;0
12;Estados Unidos;1982;0
13;França;1982;0
14;Guiana;1982;0
15;Israel;1982;0
16;itália;1982;0
17;Japão;1982;0
18;Líbano;1982;0
19;México;1982;0
20;Países Baixos;1982;0
21;Panamá;1982;99
22;Peru;1982;0
23;Portugal;1982;0
24;Reino Unido;1982;0
25;Taiwan;1982;0
26;Turquia;1982;0
27;Uruguai;1982;0
28;Venezuela;1982;0
29;Outros;1982;0
1;Africa do Sul;1983;0
2;Alemanha;1983;0
3;Argentina;1983;0
4;Austria;1983;0
5;Canadá;1983;0
6;Coreia do Sul, República;1983;0
7;Coreia do Norte, República;1983;0
8;Chile;1983;0
9;China;1983;0
10;Dinamarca;1983;0
11;Espanha;1983;0
12;Estados Unidos;1983;0
13;França;1983;0
14;Guiana;1983;0
15;Israel;1983;0
16;itália;1983;0
17;Japão;1983;0
18;Líbano;1983;0
19;México;1983;0
20;Países Baixos;1983;0
21;Panamá;1983;0
22;Peru;1983;0
23;Portugal;1983;0
24;Reino Unido;1983;0
25;Taiwan;1983;0
26;Turquia;1983;0
27;Uruguai;1983;0
28;Venezuela;1983;0
29;Outros;1983;0
1;Africa do Sul;1983;0
2;Alemanha;1983;0
3;Argentina;1983;0
4;Austria;1983;0
5;Canadá;1983;0
6;Coreia do Sul, República;1983;0
7;Coreia do Norte, República;1983;0
8;Chile;1983;0
9;China;1983;0
10;Dinamarca;1983;0
11;Espanha;1983;0
12;Estados Unidos;1983;0
13;França;1983;0
14;Guiana;1983;0
15;Israel;1983;0
16;itália;1983;0
17;Japão;1983;0
18;Líbano;1983;0
19;México;1983;0
20;Países Baixos;1983;0
21;Panamá;1983;0
22;Peru;1983;0
23;Portugal;1983;0
24;Reino Unido;1983;0
25;Taiwan;1983;0
26;Turquia;1983;0
27;Uruguai;1983;0
28;Venezuela;1983;0
29;Outros;1983;0
1;Africa do Sul;1984;0
2;Alemanha;1984;0
3;Argentina;1984;0
4;Austria;1984;0
5;Canadá;1984;0
6;Coreia do Sul, República;1984;0
7;Coreia do Norte, República;1984;0
8;Chile;1984;0
9;China;1984;0
10;Dinamarca;1984;0
11;Espanha;1984;0
12;Estados Unidos;1984;0
13;França;1984;0
14;Guiana;1984;0
15;Israel;1984;0
16;itália;1984;0
17;Japão;1984;0
18;Líbano;1984;0
19;México;1984;0
20;Países Baixos;1984;0
21;Panamá;1984;0
22;Peru;1984;0
23;Portugal;1984;0
24;Reino Unido;1984;0
25;Taiwan;1984;0
26;Turquia;1984;0
27;Uruguai;1984;0
28;Venezuela;1984;0
29;Outros;1984;0
1;Africa do Sul;1984;0
2;Alemanha;1984;0
3;Argentina;1984;0
4;Austria;1984;0
5;Canadá;1984;0
6;Coreia do Sul, República;1984;0
7;Coreia do Norte, República;1984;0
8;Chile;1984;0
9;China;1984;0
10;Dinamarca;1984;0
11;Espanha;1984;0
12;Estados Unidos;1984;0
13;França;1984;0
14;Guiana;1984;0
15;Israel;1984;0
16;itália;1984;0
17;Japão;1984;0
18;Líbano;1984;0
19;México;1984;0
20;Países Baixos;1984;0
21;Panamá;1984;0
22;Peru;1984;0
23;Portugal;1984;0
24;Reino Unido;1984;0
25;Taiwan;1984;0
26;Turquia;1984;0
27;Uruguai;1984;0
28;Venezuela;1984;0
29;Outros;1984;0
1;Africa do Sul;1985;0
2;Alemanha;1985;0
3;Argentina;1985;0
4;Austria;1985;0
5;Canadá;1985;0
6;Coreia do Sul, República;1985;0
7;Coreia do Norte, República;1985;0
8;Chile;1985;0
9;China;1985;0
10;Dinamarca;1985;0
11;Espanha;1985;0
12;Estados Unidos;1985;0
13;França;1985;0
14;Guiana;1985;0
15;Israel;1985;0
16;itália;1985;0
17;Japão;1985;0
18;Líbano;1985;0
19;México;1985;0
20;Países Baixos;1985;0
21;Panamá;1985;0
22;Peru;1985;0
23;Portugal;1985;0
24;Reino Unido;1985;0
25;Taiwan;1985;0
26;Turquia;1985;0
27;Uruguai;1985;0
28;Venezuela;1985;0
29;Outros;1985;0
1;Africa do Sul;1985;0
2;Alemanha;1985;0
3;Argentina;1985;0
4;Austria;1985;0
5;Canadá;1985;0
6;Coreia do Sul, República;1985;0
7;Coreia do Norte, República;1985;0
8;Chile;1985;0
9;China;1985;0
10;Dinamarca;1985;0
11;Espanha;1985;0
12;Estados Unidos;1985;0
13;França;1985;0
14;Guiana;1985;0
15;Israel;1985;0
16;itália;1985;0
17;Japão;1985;0
18;Líbano;1985;0
19;México;1985;0
20;Países Baixos;1985;0
21;Panamá;1985;0
22;Peru;1985;0
23;Portugal;1985;0
24;Reino Unido;1985;0
25;Taiwan;1985;0
26;Turquia;1985;0
27;Uruguai;1985;0
28;Venezuela;1985;0
29;Outros;1985;0
1;Africa do Sul;1986;0
2;Alemanha;1986;0
3;Argentina;1986;1575080
4;Austria;1986;0
5;Canadá;1986;0
6;Coreia do Sul, República;1986;0
7;Coreia do Norte, República;1986;0
8;Chile;1986;0
9;China;1986;0
10;Dinamarca;1986;0
11;Espanha;1986;0
12;Estados Unidos;1986;0
13;França;1986;0
14;Guiana;1986;0
15;Israel;1986;0
16;itália;1986;0
17;Japão;1986;0
18;Líbano;1986;0
19;México;1986;0
20;Países Baixos;1986;0
21;Panamá;1986;0
22;Peru;1986;0
23;Portugal;1986;0
24;Reino Unido;1986;0
25;Taiwan;1986;0
26;Turquia;1986;0
27;Uruguai;1986;0
28;Venezuela;1986;0
29;Outros;1986;0
1;Africa do Sul;1986;0
2;Alemanha;1986;0
3;Argentina;1986;713219
4;Austria;1986;0
5;Canadá;1986;0
6;Coreia do Sul, República;1986;0
7;Coreia do Norte, República;1986;0
8;Chile;1986;0
9;China;1986;0
10;Dinamarca;1986;0
11;Espanha;1986;0
12;Estados Unidos;1986;0
13;França;1986;0
14;Guiana;1986;0
15;Israel;1986;0
16;itália;1986;0
17;Japão;1986;0
18;Líbano;1986;0
19;México;1986;0
20;Países Baixos;1986;0
21;Panamá;1986;0
22;Peru;1986;0
23;Portugal;1986;0
24;Reino Unido;1986;0
25;Taiwan;1986;0
26;Turquia;1986;0
27;Uruguai;1986;0
28;Venezuela;1986;0
29;Outros;1986;0
1;Africa do Sul;1987;0
2;Alemanha;1987;0
3;Argentina;1987;2452094
4;Austria;1987;0
5;Canadá;1987;0
6;Coreia do Sul, República;1987;0
7;Coreia do Norte, República;1987;0
8;Chile;1987;0
9;China;1987;0
10;Dinamarca;1987;0
11;Espanha;1987;0
12;Estados Unidos;1987;954
13;França;1987;0
14;Guiana;1987;0
15;Israel;1987;0
16;itália;1987;0
17;Japão;1987;0
18;Líbano;1987;0
19;México;1987;0
20;Países Baixos;1987;0
21;Panamá;1987;0
22;Peru;1987;0
23;Portugal;1987;0
24;Reino Unido;1987;0
25;Taiwan;1987;0
26;Turquia;1987;0
27;Uruguai;1987;0
28;Venezuela;1987;0
29;Outros;1987;0
1;Africa do Sul;1987;0
2;Alemanha;1987;0
3;Argentina;1987;3673253
4;Austria;1987;0
5;Canadá;1987;0
6;Coreia do Sul, República;1987;0
7;Coreia do Norte, República;1987;0
8;Chile;1987;0
9;China;1987;0
10;Dinamarca;1987;0
11;Espanha;1987;0
12;Estados Unidos;1987;3280
13;França;1987;0
14;Guiana;1987;0
15;Israel;1987;0
16;itália;1987;0
17;Japão;1987;0
18;Líbano;1987;0
19;México;1987;0
20;Países Baixos;1987;0
21;Panamá;1987;0
22;Peru;1987;0
23;Portugal;1987;0
24;Reino Unido;1987;0
25;Taiwan;1987;0
26;Turquia;1987;0
27;Uruguai;1987;0
28;Venezuela;1987;0
29;Outros;1987;0
1;Africa do Sul;1988;0
2;Alemanha;1988;0
3;Argentina;1988;224130
4;Austria;1988;0
5;Canadá;1988;30
6;Coreia do Sul, República;1988;0
7;Coreia do Norte, República;1988;0
8;Chile;1988;0
9;China;1988;0
10;Dinamarca;1988;0
11;Espanha;1988;0
12;Estados Unidos;1988;0
13;França;1988;0
14;Guiana;1988;0
15;Israel;1988;234
16;itália;1988;0
17;Japão;1988;0
18;Líbano;1988;0
19;México;1988;0
20;Países Baixos;1988;0
21;Panamá;1988;0
22;Peru;1988;0
23;Portugal;1988;0
24;Reino Unido;1988;0
25;Taiwan;1988;0
26;Turquia;1988;0
27;Uruguai;1988;0
28;Venezuela;1988;0
29;Outros;1988;0
1;Africa do Sul;1988;0
2;Alemanha;1988;0
3;Argentina;1988;163512
4;Austria;1988;0
5;Canadá;1988;233
6;Coreia do Sul, República;1988;0
7;Coreia do Norte, República;1988;0
8;Chile;1988;0
9;China;1988;0
10;Dinamarca;1988;0
11;Espanha;1988;0
12;Estados Unidos;1988;0
13;França;1988;0
14;Guiana;1988;0
15;Israel;1988;240
16;itália;1988;0
17;Japão;1988;0
18;Líbano;1988;0
19;México;1988;0
20;Países Baixos;1988;0
21;Panamá;1988;0
22;Peru;1988;0
23;Portugal;1988;0
24;Reino Unido;1988;0
25;Taiwan;1988;0
26;Turquia;1988;0
27;Uruguai;1988;0
28;Venezuela;1988;0
29;Outros;1988;0
1;Africa do Sul;1989;0
2;Alemanha;1989;0
3;Argentina;1989;1901597
4;Austria;1989;0
5;Canadá;1989;0
6;Coreia do Sul, República;1989;0
7;Coreia do Norte, República;1989;0
8;Chile;1989;0
9;China;1989;0
10;Dinamarca;1989;0
11;Espanha;1989;0
12;Estados Unidos;1989;1958
13;França;1989;0
14;Guiana;1989;0
15;Israel;1989;468
16;itália;1989;0
17;Japão;1989;0
18;Líbano;1989;0
19;México;1989;0
20;Países Baixos;1989;0
21;Panamá;1989;0
22;Peru;1989;0
23;Portugal;1989;0
24;Reino Unido;1989;0
25;Taiwan;1989;0
26;Turquia;1989;0
27;Uruguai;1989;0
28;Venezuela;1989;0
29;Outros;1989;0
1;Africa do Sul;1989;0
2;Alemanha;1989;0
3;Argentina;1989;1339369
4;Austria;1989;0
5;Canadá;1989;0
6;Coreia do Sul, República;1989;0
7;Coreia do Norte, República;1989;0
8;Chile;1989;0
9;China;1989;0
10;Dinamarca;1989;0
11;Espanha;1989;0
12;Estados Unidos;1989;2350
13;França;1989;0
14;Guiana;1989;0
15;Israel;1989;480
16;itália;1989;0
17;Japão;1989;0
18;Líbano;1989;0
19;México;1989;0
20;Países Baixos;1989;0
21;Panamá;1989;0
22;Peru;1989;0
23;Portugal;1989;0
24;Reino Unido;1989;0
25;Taiwan;1989;0
26;Turquia;1989;0
27;Uruguai;1989;0
28;Venezuela;1989;0
29;Outros;1989;0
1;Africa do Sul;1990;0
2;Alemanha;1990;0
3;Argentina;1990;1875689
4;Austria;1990;0
5;Canadá;1990;0
6;Coreia do Sul, República;1990;0
7;Coreia do Norte, República;1990;0
8;Chile;1990;100000
9;China;1990;0
10;Dinamarca;1990;0
11;Espanha;1990;0
12;Estados Unidos;1990;0
13;França;1990;0
14;Guiana;1990;0
15;Israel;1990;0
16;itália;1990;0
17;Japão;1990;0
18;Líbano;1990;455
19;México;1990;0
20;Países Baixos;1990;0
21;Panamá;1990;0
22;Peru;1990;0
23;Portugal;1990;0
24;Reino Unido;1990;0
25;Taiwan;1990;0
26;Turquia;1990;0
27;Uruguai;1990;0
28;Venezuela;1990;0
29;Outros;1990;0
1;Africa do Sul;1990;0
2;Alemanha;1990;0
3;Argentina;1990;1367706
4;Austria;1990;0
5;Canadá;1990;0
6;Coreia do Sul, República;1990;0
7;Coreia do Norte, República;1990;0
8;Chile;1990;79000
9;China;1990;0
10;Dinamarca;1990;0
11;Espanha;1990;0
12;Estados Unidos;1990;0
13;França;1990;0
14;Guiana;1990;0
15;Israel;1990;0
16;itália;1990;0
17;Japão;1990;0
18;Líbano;1990;819
19;México;1990;0
20;Países Baixos;1990;0
21;Panamá;1990;0
22;Peru;1990;0
23;Portugal;1990;0
24;Reino Unido;1990;0
25;Taiwan;1990;0
26;Turquia;1990;0
27;Uruguai;1990;0
28;Venezuela;1990;0
29;Outros;1990;0
1;Africa do Sul;1991;0
2;Alemanha;1991;0
3;Argentina;1991;506860
4;Austria;1991;0
5;Canadá;1991;0
6;Coreia do Sul, República;1991;0
7;Coreia do Norte, República;1991;0
8;Chile;1991;100000
9;China;1991;0
10;Dinamarca;1991;0
11;Espanha;1991;0
12;Estados Unidos;1991;12543
13;França;1991;0
14;Guiana;1991;0
15;Israel;1991;421
16;itália;1991;0
17;Japão;1991;0
18;Líbano;1991;0
19;México;1991;0
20;Países Baixos;1991;0
21;Panamá;1991;0
22;Peru;1991;0
23;Portugal;1991;0
24;Reino Unido;1991;0
25;Taiwan;1991;0
26;Turquia;1991;0
27;Uruguai;1991;0
28;Venezuela;1991;0
29;Outros;1991;0
1;Africa do Sul;1991;0
2;Alemanha;1991;0
3;Argentina;1991;499644
4;Austria;1991;0
5;Canadá;1991;0
6;Coreia do Sul, República;1991;0
7;Coreia do Norte, República;1991;0
8;Chile;1991;82500
9;China;1991;0
10;Dinamarca;1991;0
11;Espanha;1991;0
12;Estados Unidos;1991;11798
13;França;1991;0
14;Guiana;1991;0
15;Israel;1991;643
16;itália;1991;0
17;Japão;1991;0
18;Líbano;1991;0
19;México;1991;0
20;Países Baixos;1991;0
21;Panamá;1991;0
22;Peru;1991;0
23;Portugal;1991;0
24;Reino Unido;1991;0
25;Taiwan;1991;0
26;Turquia;1991;0
27;Uruguai;1991;0
28;Venezuela;1991;0
29;Outros;1991;0
1;Africa do Sul;1992;0
2;Alemanha;1992;1170
3;Argentina;1992;10200
4;Austria;1992;0
5;Canadá;1992;0
6;Coreia do Sul, República;1992;0
7;Coreia do Norte, República;1992;0
8;Chile;1992;0
9;China;1992;0
10;Dinamarca;1992;0
11;Espanha;1992;0
12;Estados Unidos;1992;0
13;França;1992;0
14;Guiana;1992;0
15;Israel;1992;312
16;itália;1992;0
17;Japão;1992;175
18;Líbano;1992;0
19;México;1992;0
20;Países Baixos;1992;0
21;Panamá;1992;0
22;Peru;1992;0
23;Portugal;1992;0
24;Reino Unido;1992;0
25;Taiwan;1992;0
26;Turquia;1992;0
27;Uruguai;1992;0
28;Venezuela;1992;0
29;Outros;1992;0
1;Africa do Sul;1992;0
2;Alemanha;1992;2497
3;Argentina;1992;6800
4;Austria;1992;0
5;Canadá;1992;0
6;Coreia do Sul, República;1992;0
7;Coreia do Norte, República;1992;0
8;Chile;1992;0
9;China;1992;0
10;Dinamarca;1992;0
11;Espanha;1992;0
12;Estados Unidos;1992;0
13;França;1992;0
14;Guiana;1992;0
15;Israel;1992;476
16;itália;1992;0
17;Japão;1992;226
18;Líbano;1992;0
19;México;1992;0
20;Países Baixos;1992;0
21;Panamá;1992;0
22;Peru;1992;0
23;Portugal;1992;0
24;Reino Unido;1992;0
25;Taiwan;1992;0
26;Turquia;1992;0
27;Uruguai;1992;0
28;Venezuela;1992;0
29;Outros;1992;0
1;Africa do Sul;1993;0
2;Alemanha;1993;2832
3;Argentina;1993;2950
4;Austria;1993;0
5;Canadá;1993;0
6;Coreia do Sul, República;1993;0
7;Coreia do Norte, República;1993;0
8;Chile;1993;5050
9;China;1993;0
10;Dinamarca;1993;0
11;Espanha;1993;0
12;Estados Unidos;1993;3597
13;França;1993;0
14;Guiana;1993;0
15;Israel;1993;291
16;itália;1993;0
17;Japão;1993;0
18;Líbano;1993;0
19;México;1993;0
20;Países Baixos;1993;0
21;Panamá;1993;0
22;Peru;1993;0
23;Portugal;1993;0
24;Reino Unido;1993;0
25;Taiwan;1993;0
26;Turquia;1993;0
27;Uruguai;1993;0
28;Venezuela;1993;0
29;Outros;1993;17186
1;Africa do Sul;1993;0
2;Alemanha;1993;2704
3;Argentina;1993;3540
4;Austria;1993;0
5;Canadá;1993;0
6;Coreia do Sul, República;1993;0
7;Coreia do Norte, República;1993;0
8;Chile;1993;2940
9;China;1993;0
10;Dinamarca;1993;0
11;Espanha;1993;0
12;Estados Unidos;1993;3040
13;França;1993;0
14;Guiana;1993;0
15;Israel;1993;538
16;itália;1993;0
17;Japão;1993;0
18;Líbano;1993;0
19;México;1993;0
20;Países Baixos;1993;0
21;Panamá;1993;0
22;Peru;1993;0
23;Portugal;1993;0
24;Reino Unido;1993;0
25;Taiwan;1993;0
26;Turquia;1993;0
27;Uruguai;1993;0
28;Venezuela;1993;0
29;Outros;1993;8917
1;Africa do Sul;1994;0
2;Alemanha;1994;4521
3;Argentina;1994;0
4;Austria;1994;0
5;Canadá;1994;19728
6;Coreia do Sul, República;1994;0
7;Coreia do Norte, República;1994;0
8;Chile;1994;158480
9;China;1994;0
10;Dinamarca;1994;0
11;Espanha;1994;0
12;Estados Unidos;1994;4639
13;França;1994;0
14;Guiana;1994;0
15;Israel;1994;180
16;itália;1994;0
17;Japão;1994;800
18;Líbano;1994;0
19;México;1994;0
20;Países Baixos;1994;0
21;Panamá;1994;0
22;Peru;1994;0
23;Portugal;1994;0
24;Reino Unido;1994;0
25;Taiwan;1994;0
26;Turquia;1994;0
27;Uruguai;1994;0
28;Venezuela;1994;0
29;Outros;1994;40266
1;Africa do Sul;1994;0
2;Alemanha;1994;7206
3;Argentina;1994;0
4;Austria;1994;0
5;Canadá;1994;4558
6;Coreia do Sul, República;1994;0
7;Coreia do Norte, República;1994;0
8;Chile;1994;101920
9;China;1994;0
10;Dinamarca;1994;0
11;Espanha;1994;0
12;Estados Unidos;1994;5286
13;França;1994;0
14;Guiana;1994;0
15;Israel;1994;250
16;itália;1994;0
17;Japão;1994;800
18;Líbano;1994;0
19;México;1994;0
20;Países Baixos;1994;0
21;Panamá;1994;0
22;Peru;1994;0
23;Portugal;1994;0
24;Reino Unido;1994;0
25;Taiwan;1994;0
26;Turquia;1994;0
27;Uruguai;1994;0
28;Venezuela;1994;0
29;Outros;1994;18231
1;Africa do Sul;1995;120252
2;Alemanha;1995;4407
3;Argentina;1995;708655
4;Austria;1995;1200
5;Canadá;1995;26404
6;Coreia do Sul, República;1995;158204
7;Coreia do Norte, República;1995;0
8;Chile;1995;563267
9;China;1995;5338
10;Dinamarca;1995;0
11;Espanha;1995;4617
12;Estados Unidos;1995;51921
13;França;1995;74489
14;Guiana;1995;0
15;Israel;1995;135
16;itália;1995;0
17;Japão;1995;760
18;Líbano;1995;0
19;México;1995;2490
20;Países Baixos;1995;0
21;Panamá;1995;0
22;Peru;1995;0
23;Portugal;1995;0
24;Reino Unido;1995;0
25;Taiwan;1995;0
26;Turquia;1995;0
27;Uruguai;1995;0
28;Venezuela;1995;612
29;Outros;1995;101957
1;Africa do Sul;1995;110730
2;Alemanha;1995;4792
3;Argentina;1995;549282
4;Austria;1995;348
5;Canadá;1995;12195
6;Coreia do Sul, República;1995;117269
7;Coreia do Norte, República;1995;0
8;Chile;1995;423616
9;China;1995;1465
10;Dinamarca;1995;0
11;Espanha;1995;2836
12;Estados Unidos;1995;200121
13;França;1995;61975
14;Guiana;1995;0
15;Israel;1995;187
16;itália;1995;0
17;Japão;1995;640
18;Líbano;1995;0
19;México;1995;1523
20;Países Baixos;1995;0
21;Panamá;1995;0
22;Peru;1995;0
23;Portugal;1995;0
24;Reino Unido;1995;0
25;Taiwan;1995;0
26;Turquia;1995;0
27;Uruguai;1995;0
28;Venezuela;1995;568
29;Outros;1995;31577
1;Africa do Sul;1996;0
2;Alemanha;1996;13185
3;Argentina;1996;1050503
4;Austria;1996;0
5;Canadá;1996;21665
6;Coreia do Sul, República;1996;0
7;Coreia do Norte, República;1996;0
8;Chile;1996;476840
9;China;1996;0
10;Dinamarca;1996;0
11;Espanha;1996;3058
12;Estados Unidos;1996;15892
13;França;1996;14
14;Guiana;1996;0
15;Israel;1996;4079
16;itália;1996;0
17;Japão;1996;0
18;Líbano;1996;0
19;México;1996;44668
20;Países Baixos;1996;0
21;Panamá;1996;0
22;Peru;1996;0
23;Portugal;1996;0
24;Reino Unido;1996;1734
25;Taiwan;1996;0
26;Turquia;1996;0
27;Uruguai;1996;0
28;Venezuela;1996;0
29;Outros;1996;255509
1;Africa do Sul;1996;0
2;Alemanha;1996;22088
3;Argentina;1996;830357
4;Austria;1996;0
5;Canadá;1996;8124
6;Coreia do Sul, República;1996;0
7;Coreia do Norte, República;1996;0
8;Chile;1996;374322
9;China;1996;0
10;Dinamarca;1996;0
11;Espanha;1996;955
12;Estados Unidos;1996;11721
13;França;1996;52
14;Guiana;1996;0
15;Israel;1996;2483
16;itália;1996;0
17;Japão;1996;0
18;Líbano;1996;0
19;México;1996;36188
20;Países Baixos;1996;0
21;Panamá;1996;0
22;Peru;1996;0
23;Portugal;1996;0
24;Reino Unido;1996;1201
25;Taiwan;1996;0
26;Turquia;1996;0
27;Uruguai;1996;0
28;Venezuela;1996;0
29;Outros;1996;138561
1;Africa do Sul;1997;0
2;Alemanha;1997;2880
3;Argentina;1997;2796195
4;Austria;1997;0
5;Canadá;1997;995
6;Coreia do Sul, República;1997;0
7;Coreia do Norte, República;1997;0
8;Chile;1997;118194
9;China;1997;0
10;Dinamarca;1997;0
11;Espanha;1997;2208
12;Estados Unidos;1997;15896
13;França;1997;0
14;Guiana;1997;0
15;Israel;1997;3700
16;itália;1997;0
17;Japão;1997;270
18;Líbano;1997;0
19;México;1997;504734
20;Países Baixos;1997;0
21;Panamá;1997;0
22;Peru;1997;0
23;Portugal;1997;0
24;Reino Unido;1997;0
25;Taiwan;1997;0
26;Turquia;1997;0
27;Uruguai;1997;2500
28;Venezuela;1997;0
29;Outros;1997;380790
1;Africa do Sul;1997;0
2;Alemanha;1997;1901
3;Argentina;1997;2428563
4;Austria;1997;0
5;Canadá;1997;691
6;Coreia do Sul, República;1997;0
7;Coreia do Norte, República;1997;0
8;Chile;1997;133715
9;China;1997;0
10;Dinamarca;1997;0
11;Espanha;1997;1945
12;Estados Unidos;1997;8557
13;França;1997;0
14;Guiana;1997;0
15;Israel;1997;1488
16;itália;1997;0
17;Japão;1997;60
18;Líbano;1997;0
19;México;1997;271595
20;Países Baixos;1997;0
21;Panamá;1997;0
22;Peru;1997;0
23;Portugal;1997;0
24;Reino Unido;1997;0
25;Taiwan;1997;0
26;Turquia;1997;0
27;Uruguai;1997;1440
28;Venezuela;1997;0
29;Outros;1997;384466
1;Africa do Sul;1998;1605
2;Alemanha;1998;0
3;Argentina;1998;2057726
4;Austria;1998;35210
5;Canadá;1998;0
6;Coreia do Sul, República;1998;303420
7;Coreia do Norte, República;1998;56000
8;Chile;1998;0
9;China;1998;4200
10;Dinamarca;1998;0
11;Espanha;1998;3986
12;Estados Unidos;1998;16985
13;França;1998;0
14;Guiana;1998;0
15;Israel;1998;11663
16;itália;1998;0
17;Japão;1998;0
18;Líbano;1998;0
19;México;1998;1919238
20;Países Baixos;1998;0
21;Panamá;1998;0
22;Peru;1998;0
23;Portugal;1998;0
24;Reino Unido;1998;0
25;Taiwan;1998;0
26;Turquia;1998;0
27;Uruguai;1998;0
28;Venezuela;1998;0
29;Outros;1998;0
1;Africa do Sul;1998;1085
2;Alemanha;1998;0
3;Argentina;1998;1994801
4;Austria;1998;16029
5;Canadá;1998;0
6;Coreia do Sul, República;1998;250582
7;Coreia do Norte, República;1998;49405
8;Chile;1998;0
9;China;1998;1715
10;Dinamarca;1998;0
11;Espanha;1998;2780
12;Estados Unidos;1998;11059
13;França;1998;0
14;Guiana;1998;0
15;Israel;1998;6217
16;itália;1998;0
17;Japão;1998;0
18;Líbano;1998;0
19;México;1998;863521
20;Países Baixos;1998;0
21;Panamá;1998;0
22;Peru;1998;0
23;Portugal;1998;0
24;Reino Unido;1998;0
25;Taiwan;1998;0
26;Turquia;1998;0
27;Uruguai;1998;0
28;Venezuela;1998;0
29;Outros;1998;0
1;Africa do Sul;1999;0
2;Alemanha;1999;0
3;Argentina;1999;2003660
4;Austria;1999;0
5;Canadá;1999;0
6;Coreia do Sul, República;1999;112762
7;Coreia do Norte, República;1999;25100
8;Chile;1999;136
9;China;1999;0
10;Dinamarca;1999;0
11;Espanha;1999;0
12;Estados Unidos;1999;5394
13;França;1999;0
14;Guiana;1999;0
15;Israel;1999;374
16;itália;1999;0
17;Japão;1999;0
18;Líbano;1999;0
19;México;1999;314075
20;Países Baixos;1999;0
21;Panamá;1999;0
22;Peru;1999;0
23;Portugal;1999;0
24;Reino Unido;1999;0
25;Taiwan;1999;0
26;Turquia;1999;0
27;Uruguai;1999;0
28;Venezuela;1999;0
29;Outros;1999;3186
1;Africa do Sul;1999;0
2;Alemanha;1999;0
3;Argentina;1999;1845406
4;Austria;1999;0
5;Canadá;1999;0
6;Coreia do Sul, República;1999;90300
7;Coreia do Norte, República;1999;20413
8;Chile;1999;253
9;China;1999;0
10;Dinamarca;1999;0
11;Espanha;1999;0
12;Estados Unidos;1999;11240
13;França;1999;0
14;Guiana;1999;0
15;Israel;1999;282
16;itália;1999;0
17;Japão;1999;0
18;Líbano;1999;0
19;México;1999;108319
20;Países Baixos;1999;0
21;Panamá;1999;0
22;Peru;1999;0
23;Portugal;1999;0
24;Reino Unido;1999;0
25;Taiwan;1999;0
26;Turquia;1999;0
27;Uruguai;1999;0
28;Venezuela;1999;0
29;Outros;1999;1695
1;Africa do Sul;2000;0
2;Alemanha;2000;0
3;Argentina;2000;2022110
4;Austria;2000;0
5;Canadá;2000;0
6;Coreia do Sul, República;2000;5141
7;Coreia do Norte, República;2000;11560
8;Chile;2000;0
9;China;2000;0
10;Dinamarca;2000;0
11;Espanha;2000;0
12;Estados Unidos;2000;10338
13;França;2000;0
14;Guiana;2000;0
15;Israel;2000;840
16;itália;2000;0
17;Japão;2000;0
18;Líbano;2000;0
19;México;2000;0
20;Países Baixos;2000;0
21;Panamá;2000;0
22;Peru;2000;0
23;Portugal;2000;0
24;Reino Unido;2000;0
25;Taiwan;2000;0
26;Turquia;2000;0
27;Uruguai;2000;0
28;Venezuela;2000;0
29;Outros;2000;3004
1;Africa do Sul;2000;0
2;Alemanha;2000;0
3;Argentina;2000;1659478
4;Austria;2000;0
5;Canadá;2000;0
6;Coreia do Sul, República;2000;1800
7;Coreia do Norte, República;2000;9062
8;Chile;2000;0
9;China;2000;0
10;Dinamarca;2000;0
11;Espanha;2000;0
12;Estados Unidos;2000;19754
13;França;2000;0
14;Guiana;2000;0
15;Israel;2000;1400
16;itália;2000;0
17;Japão;2000;0
18;Líbano;2000;0
19;México;2000;0
20;Países Baixos;2000;0
21;Panamá;2000;0
22;Peru;2000;0
23;Portugal;2000;0
24;Reino Unido;2000;0
25;Taiwan;2000;0
26;Turquia;2000;0
27;Uruguai;2000;0
28;Venezuela;2000;0
29;Outros;2000;911
1;Africa do Sul;2001;1200
2;Alemanha;2001;0
3;Argentina;2001;1379960
4;Austria;2001;0
5;Canadá;2001;0
6;Coreia do Sul, República;2001;8255
7;Coreia do Norte, República;2001;19071
8;Chile;2001;1391570
9;China;2001;0
10;Dinamarca;2001;0
11;Espanha;2001;0
12;Estados Unidos;2001;6089
13;França;2001;0
14;Guiana;2001;0
15;Israel;2001;1170
16;itália;2001;0
17;Japão;2001;0
18;Líbano;2001;0
19;México;2001;0
20;Países Baixos;2001;0
21;Panamá;2001;0
22;Peru;2001;0
23;Portugal;2001;0
24;Reino Unido;2001;0
25;Taiwan;2001;0
26;Turquia;2001;0
27;Uruguai;2001;0
28;Venezuela;2001;0
29;Outros;2001;0
1;Africa do Sul;2001;665
2;Alemanha;2001;0
3;Argentina;2001;869223
4;Austria;2001;0
5;Canadá;2001;0
6;Coreia do Sul, República;2001;2645
7;Coreia do Norte, República;2001;8389
8;Chile;2001;1502228
9;China;2001;0
10;Dinamarca;2001;0
11;Espanha;2001;0
12;Estados Unidos;2001;11831
13;França;2001;0
14;Guiana;2001;0
15;Israel;2001;2192
16;itália;2001;0
17;Japão;2001;0
18;Líbano;2001;0
19;México;2001;0
20;Países Baixos;2001;0
21;Panamá;2001;0
22;Peru;2001;0
23;Portugal;2001;0
24;Reino Unido;2001;0
25;Taiwan;2001;0
26;Turquia;2001;0
27;Uruguai;2001;0
28;Venezuela;2001;0
29;Outros;2001;0
1;Africa do Sul;2002;0
2;Alemanha;2002;0
3;Argentina;2002;0
4;Austria;2002;0
5;Canadá;2002;0
6;Coreia do Sul, República;2002;0
7;Coreia do Norte, República;2002;0
8;Chile;2002;27000
9;China;2002;0
10;Dinamarca;2002;0
11;Espanha;2002;0
12;Estados Unidos;2002;0
13;França;2002;0
14;Guiana;2002;0
15;Israel;2002;0
16;itália;2002;0
17;Japão;2002;0
18;Líbano;2002;0
19;México;2002;0
20;Países Baixos;2002;0
21;Panamá;2002;0
22;Peru;2002;0
23;Portugal;2002;0
24;Reino Unido;2002;0
25;Taiwan;2002;0
26;Turquia;2002;0
27;Uruguai;2002;0
28;Venezuela;2002;0
29;Outros;2002;0
1;Africa do Sul;2002;0
2;Alemanha;2002;0
3;Argentina;2002;0
4;Austria;2002;0
5;Canadá;2002;0
6;Coreia do Sul, República;2002;0
7;Coreia do Norte, República;2002;0
8;Chile;2002;28350
9;China;2002;0
10;Dinamarca;2002;0
11;Espanha;2002;0
12;Estados Unidos;2002;0
13;França;2002;0
14;Guiana;2002;0
15;Israel;2002;0
16;itália;2002;0
17;Japão;2002;0
18;Líbano;2002;0
19;México;2002;0
20;Países Baixos;2002;0
21;Panamá;2002;0
22;Peru;2002;0
23;Portugal;2002;0
24;Reino Unido;2002;0
25;Taiwan;2002;0
26;Turquia;2002;0
27;Uruguai;2002;0
28;Venezuela;2002;0
29;Outros;2002;0
1;Africa do Sul;2003;0
2;Alemanha;2003;0
3;Argentina;2003;2237000
4;Austria;2003;0
5;Canadá;2003;0
6;Coreia do Sul, República;2003;5400
7;Coreia do Norte, República;2003;0
8;Chile;2003;0
9;China;2003;0
10;Dinamarca;2003;0
11;Espanha;2003;0
12;Estados Unidos;2003;3536
13;França;2003;6
14;Guiana;2003;0
15;Israel;2003;0
16;itália;2003;0
17;Japão;2003;0
18;Líbano;2003;0
19;México;2003;0
20;Países Baixos;2003;0
21;Panamá;2003;0
22;Peru;2003;0
23;Portugal;2003;0
24;Reino Unido;2003;0
25;Taiwan;2003;0
26;Turquia;2003;0
27;Uruguai;2003;0
28;Venezuela;2003;0
29;Outros;2003;0
1;Africa do Sul;2003;0
2;Alemanha;2003;0
3;Argentina;2003;994132
4;Austria;2003;0
5;Canadá;2003;0
6;Coreia do Sul, República;2003;2145
7;Coreia do Norte, República;2003;0
8;Chile;2003;0
9;China;2003;0
10;Dinamarca;2003;0
11;Espanha;2003;0
12;Estados Unidos;2003;4555
13;França;2003;5
14;Guiana;2003;0
15;Israel;2003;0
16;itália;2003;0
17;Japão;2003;0
18;Líbano;2003;0
19;México;2003;0
20;Países Baixos;2003;0
21;Panamá;2003;0
22;Peru;2003;0
23;Portugal;2003;0
24;Reino Unido;2003;0
25;Taiwan;2003;0
26;Turquia;2003;0
27;Uruguai;2003;0
28;Venezuela;2003;0
29;Outros;2003;0
1;Africa do Sul;2004;1876
2;Alemanha;2004;600
3;Argentina;2004;850000
4;Austria;2004;0
5;Canadá;2004;0
6;Coreia do Sul, República;2004;4805
7;Coreia do Norte, República;2004;0
8;Chile;2004;0
9;China;2004;0
10;Dinamarca;2004;0
11;Espanha;2004;0
12;Estados Unidos;2004;10450
13;França;2004;0
14;Guiana;2004;0
15;Israel;2004;2475
16;itália;2004;0
17;Japão;2004;0
18;Líbano;2004;0
19;México;2004;0
20;Países Baixos;2004;0
21;Panamá;2004;0
22;Peru;2004;0
23;Portugal;2004;0
24;Reino Unido;2004;0
25;Taiwan;2004;0
26;Turquia;2004;0
27;Uruguai;2004;0
28;Venezuela;2004;0
29;Outros;2004;0
1;Africa do Sul;2004;1124
2;Alemanha;2004;1791
3;Argentina;2004;658747
4;Austria;2004;0
5;Canadá;2004;0
6;Coreia do Sul, República;2004;1344
7;Coreia do Norte, República;2004;0
8;Chile;2004;0
9;China;2004;0
10;Dinamarca;2004;0
11;Espanha;2004;0
12;Estados Unidos;2004;13762
13;França;2004;0
14;Guiana;2004;0
15;Israel;2004;3891
16;itália;2004;0
17;Japão;2004;0
18;Líbano;2004;0
19;México;2004;0
20;Países Baixos;2004;0
21;Panamá;2004;0
22;Peru;2004;0
23;Portugal;2004;0
24;Reino Unido;2004;0
25;Taiwan;2004;0
26;Turquia;2004;0
27;Uruguai;2004;0
28;Venezuela;2004;0
29;Outros;2004;0
1;Africa do Sul;2005;12014
2;Alemanha;2005;0
3;Argentina;2005;974970
4;Austria;2005;0
5;Canadá;2005;0
6;Coreia do Sul, República;2005;7379
7;Coreia do Norte, República;2005;0
8;Chile;2005;0
9;China;2005;0
10;Dinamarca;2005;0
11;Espanha;2005;0
12;Estados Unidos;2005;9044
13;França;2005;0
14;Guiana;2005;0
15;Israel;2005;5879
16;itália;2005;0
17;Japão;2005;0
18;Líbano;2005;0
19;México;2005;0
20;Países Baixos;2005;0
21;Panamá;2005;0
22;Peru;2005;0
23;Portugal;2005;0
24;Reino Unido;2005;0
25;Taiwan;2005;0
26;Turquia;2005;0
27;Uruguai;2005;0
28;Venezuela;2005;0
29;Outros;2005;0
1;Africa do Sul;2005;7685
2;Alemanha;2005;0
3;Argentina;2005;870222
4;Austria;2005;0
5;Canadá;2005;0
6;Coreia do Sul, República;2005;2365
7;Coreia do Norte, República;2005;0
8;Chile;2005;0
9;China;2005;0
10;Dinamarca;2005;0
11;Espanha;2005;0
12;Estados Unidos;2005;12130
13;França;2005;0
14;Guiana;2005;0
15;Israel;2005;8140
16;itália;2005;0
17;Japão;2005;0
18;Líbano;2005;0
19;México;2005;0
20;Países Baixos;2005;0
21;Panamá;2005;0
22;Peru;2005;0
23;Portugal;2005;0
24;Reino Unido;2005;0
25;Taiwan;2005;0
26;Turquia;2005;0
27;Uruguai;2005;0
28;Venezuela;2005;0
29;Outros;2005;0
1;Africa do Sul;2006;10689
2;Alemanha;2006;0
3;Argentina;2006;1775000
4;Austria;2006;0
5;Canadá;2006;0
6;Coreia do Sul, República;2006;0
7;Coreia do Norte, República;2006;0
8;Chile;2006;0
9;China;2006;0
10;Dinamarca;2006;0
11;Espanha;2006;0
12;Estados Unidos;2006;20842
13;França;2006;0
14;Guiana;2006;0
15;Israel;2006;3249
16;itália;2006;0
17;Japão;2006;0
18;Líbano;2006;0
19;México;2006;0
20;Países Baixos;2006;0
21;Panamá;2006;0
22;Peru;2006;0
23;Portugal;2006;0
24;Reino Unido;2006;0
25;Taiwan;2006;0
26;Turquia;2006;0
27;Uruguai;2006;0
28;Venezuela;2006;0
29;Outros;2006;0
1;Africa do Sul;2006;7312
2;Alemanha;2006;0
3;Argentina;2006;1535250
4;Austria;2006;0
5;Canadá;2006;0
6;Coreia do Sul, República;2006;0
7;Coreia do Norte, República;2006;0
8;Chile;2006;0
9;China;2006;0
10;Dinamarca;2006;0
11;Espanha;2006;0
12;Estados Unidos;2006;25866
13;França;2006;0
14;Guiana;2006;0
15;Israel;2006;4082
16;itália;2006;0
17;Japão;2006;0
18;Líbano;2006;0
19;México;2006;0
20;Países Baixos;2006;0
21;Panamá;2006;0
22;Peru;2006;0
23;Portugal;2006;0
24;Reino Unido;2006;0
25;Taiwan;2006;0
26;Turquia;2006;0
27;Uruguai;2006;0
28;Venezuela;2006;0
29;Outros;2006;0
1;Africa do Sul;2007;12754
2;Alemanha;2007;0
3;Argentina;2007;1297680
4;Austria;2007;0
5;Canadá;2007;0
6;Coreia do Sul, República;2007;0
7;Coreia do Norte, República;2007;0
8;Chile;2007;225000
9;China;2007;0
10;Dinamarca;2007;0
11;Espanha;2007;0
12;Estados Unidos;2007;2028
13;França;2007;0
14;Guiana;2007;0
15;Israel;2007;1965
16;itália;2007;0
17;Japão;2007;0
18;Líbano;2007;0
19;México;2007;0
20;Países Baixos;2007;0
21;Panamá;2007;0
22;Peru;2007;0
23;Portugal;2007;0
24;Reino Unido;2007;0
25;Taiwan;2007;0
26;Turquia;2007;0
27;Uruguai;2007;0
28;Venezuela;2007;0
29;Outros;2007;0
1;Africa do Sul;2007;8635
2;Alemanha;2007;0
3;Argentina;2007;1095590
4;Austria;2007;0
5;Canadá;2007;0
6;Coreia do Sul, República;2007;0
7;Coreia do Norte, República;2007;0
8;Chile;2007;292500
9;China;2007;0
10;Dinamarca;2007;0
11;Espanha;2007;0
12;Estados Unidos;2007;3604
13;França;2007;0
14;Guiana;2007;0
15;Israel;2007;2857
16;itália;2007;0
17;Japão;2007;0
18;Líbano;2007;0
19;México;2007;0
20;Países Baixos;2007;0
21;Panamá;2007;0
22;Peru;2007;0
23;Portugal;2007;0
24;Reino Unido;2007;0
25;Taiwan;2007;0
26;Turquia;2007;0
27;Uruguai;2007;0
28;Venezuela;2007;0
29;Outros;2007;0
1;Africa do Sul;2008;14379
2;Alemanha;2008;60850
3;Argentina;2008;0
4;Austria;2008;0
5;Canadá;2008;0
6;Coreia do Sul, República;2008;735
7;Coreia do Norte, República;2008;0
8;Chile;2008;100000
9;China;2008;0
10;Dinamarca;2008;0
11;Espanha;2008;0
12;Estados Unidos;2008;8455
13;França;2008;0
14;Guiana;2008;0
15;Israel;2008;900
16;itália;2008;0
17;Japão;2008;0
18;Líbano;2008;0
19;México;2008;0
20;Países Baixos;2008;0
21;Panamá;2008;0
22;Peru;2008;0
23;Portugal;2008;0
24;Reino Unido;2008;0
25;Taiwan;2008;0
26;Turquia;2008;0
27;Uruguai;2008;0
28;Venezuela;2008;0
29;Outros;2008;0
1;Africa do Sul;2008;10961
2;Alemanha;2008;68950
3;Argentina;2008;0
4;Austria;2008;0
5;Canadá;2008;0
6;Coreia do Sul, República;2008;270
7;Coreia do Norte, República;2008;0
8;Chile;2008;130000
9;China;2008;0
10;Dinamarca;2008;0
11;Espanha;2008;0
12;Estados Unidos;2008;14898
13;França;2008;0
14;Guiana;2008;0
15;Israel;2008;1551
16;itália;2008;0
17;Japão;2008;0
18;Líbano;2008;0
19;México;2008;0
20;Países Baixos;2008;0
21;Panamá;2008;0
22;Peru;2008;0
23;Portugal;2008;0
24;Reino Unido;2008;0
25;Taiwan;2008;0
26;Turquia;2008;0
27;Uruguai;2008;0
28;Venezuela;2008;0
29;Outros;2008;0
1;Africa do Sul;2009;11839
2;Alemanha;2009;0
3;Argentina;2009;0
4;Austria;2009;0
5;Canadá;2009;0
6;Coreia do Sul, República;2009;16661
7;Coreia do Norte, República;2009;0
8;Chile;2009;0
9;China;2009;0
10;Dinamarca;2009;0
11;Espanha;2009;0
12;Estados Unidos;2009;13178
13;França;2009;0
14;Guiana;2009;0
15;Israel;2009;900
16;itália;2009;0
17;Japão;2009;0
18;Líbano;2009;0
19;México;2009;0
20;Países Baixos;2009;0
21;Panamá;2009;0
22;Peru;2009;0
23;Portugal;2009;0
24;Reino Unido;2009;0
25;Taiwan;2009;0
26;Turquia;2009;0
27;Uruguai;2009;0
28;Venezuela;2009;0
29;Outros;2009;0
1;Africa do Sul;2009;9400
2;Alemanha;2009;0
3;Argentina;2009;0
4;Austria;2009;0
5;Canadá;2009;0
6;Coreia do Sul, República;2009;17249
7;Coreia do Norte, República;2009;0
8;Chile;2009;0
9;China;2009;0
10;Dinamarca;2009;0
11;Espanha;2009;0
12;Estados Unidos;2009;24066
13;França;2009;0
14;Guiana;2009;0
15;Israel;2009;1783
16;itália;2009;0
17;Japão;2009;0
18;Líbano;2009;0
19;México;2009;0
20;Países Baixos;2009;0
21;Panamá;2009;0
22;Peru;2009;0
23;Portugal;2009;0
24;Reino Unido;2009;0
25;Taiwan;2009;0
26;Turquia;2009;0
27;Uruguai;2009;0
28;Venezuela;2009;0
29;Outros;2009;0
1;Africa do Sul;2010;37353
2;Alemanha;2010;0
3;Argentina;2010;108000
4;Austria;2010;0
5;Canadá;2010;0
6;Coreia do Sul, República;2010;15080
7;Coreia do Norte, República;2010;0
8;Chile;2010;1015000
9;China;2010;0
10;Dinamarca;2010;0
11;Espanha;2010;0
12;Estados Unidos;2010;10657
13;França;2010;0
14;Guiana;2010;0
15;Israel;2010;1125
16;itália;2010;0
17;Japão;2010;0
18;Líbano;2010;0
19;México;2010;0
20;Países Baixos;2010;0
21;Panamá;2010;0
22;Peru;2010;0
23;Portugal;2010;0
24;Reino Unido;2010;0
25;Taiwan;2010;0
26;Turquia;2010;0
27;Uruguai;2010;2139
28;Venezuela;2010;0
29;Outros;2010;0
1;Africa do Sul;2010;31729
2;Alemanha;2010;0
3;Argentina;2010;138240
4;Austria;2010;0
5;Canadá;2010;0
6;Coreia do Sul, República;2010;18097
7;Coreia do Norte, República;2010;0
8;Chile;2010;3003445
9;China;2010;0
10;Dinamarca;2010;0
11;Espanha;2010;0
12;Estados Unidos;2010;17793
13;França;2010;0
14;Guiana;2010;0
15;Israel;2010;1684
16;itália;2010;0
17;Japão;2010;0
18;Líbano;2010;0
19;México;2010;0
20;Países Baixos;2010;0
21;Panamá;2010;0
22;Peru;2010;0
23;Portugal;2010;0
24;Reino Unido;2010;0
25;Taiwan;2010;0
26;Turquia;2010;0
27;Uruguai;2010;1783
28;Venezuela;2010;0
29;Outros;2010;0
1;Africa do Sul;2011;38796
2;Alemanha;2011;0
3;Argentina;2011;0
4;Austria;2011;3264
5;Canadá;2011;0
6;Coreia do Sul, República;2011;130902
7;Coreia do Norte, República;2011;0
8;Chile;2011;0
9;China;2011;0
10;Dinamarca;2011;0
11;Espanha;2011;0
12;Estados Unidos;2011;12487
13;França;2011;0
14;Guiana;2011;0
15;Israel;2011;0
16;itália;2011;0
17;Japão;2011;0
18;Líbano;2011;0
19;México;2011;0
20;Países Baixos;2011;0
21;Panamá;2011;0
22;Peru;2011;0
23;Portugal;2011;0
24;Reino Unido;2011;1632
25;Taiwan;2011;0
26;Turquia;2011;0
27;Uruguai;2011;5786
28;Venezuela;2011;0
29;Outros;2011;0
1;Africa do Sul;2011;34605
2;Alemanha;2011;0
3;Argentina;2011;0
4;Austria;2011;3254
5;Canadá;2011;0
6;Coreia do Sul, República;2011;136380
7;Coreia do Norte, República;2011;0
8;Chile;2011;0
9;China;2011;0
10;Dinamarca;2011;0
11;Espanha;2011;0
12;Estados Unidos;2011;13866
13;França;2011;0
14;Guiana;2011;0
15;Israel;2011;0
16;itália;2011;0
17;Japão;2011;0
18;Líbano;2011;0
19;México;2011;0
20;Países Baixos;2011;0
21;Panamá;2011;0
22;Peru;2011;0
23;Portugal;2011;0
24;Reino Unido;2011;1016
25;Taiwan;2011;0
26;Turquia;2011;0
27;Uruguai;2011;4989
28;Venezuela;2011;0
29;Outros;2011;0
1;Africa do Sul;2012;74388
2;Alemanha;2012;0
3;Argentina;2012;0
4;Austria;2012;0
5;Canadá;2012;0
6;Coreia do Sul, República;2012;542548
7;Coreia do Norte, República;2012;0
8;Chile;2012;0
9;China;2012;0
10;Dinamarca;2012;0
11;Espanha;2012;0
12;Estados Unidos;2012;13498
13;França;2012;0
14;Guiana;2012;0
15;Israel;2012;1139
16;itália;2012;0
17;Japão;2012;0
18;Líbano;2012;0
19;México;2012;0
20;Países Baixos;2012;0
21;Panamá;2012;0
22;Peru;2012;0
23;Portugal;2012;1151
24;Reino Unido;2012;0
25;Taiwan;2012;1632
26;Turquia;2012;6210
27;Uruguai;2012;0
28;Venezuela;2012;0
29;Outros;2012;0
1;Africa do Sul;2012;71839
2;Alemanha;2012;0
3;Argentina;2012;0
4;Austria;2012;0
5;Canadá;2012;0
6;Coreia do Sul, República;2012;577061
7;Coreia do Norte, República;2012;0
8;Chile;2012;0
9;China;2012;0
10;Dinamarca;2012;0
11;Espanha;2012;0
12;Estados Unidos;2012;9740
13;França;2012;0
14;Guiana;2012;0
15;Israel;2012;2021
16;itália;2012;0
17;Japão;2012;0
18;Líbano;2012;0
19;México;2012;0
20;Países Baixos;2012;0
21;Panamá;2012;0
22;Peru;2012;0
23;Portugal;2012;3796
24;Reino Unido;2012;0
25;Taiwan;2012;1034
26;Turquia;2012;15446
27;Uruguai;2012;0
28;Venezuela;2012;0
29;Outros;2012;0
1;Africa do Sul;2013;67758
2;Alemanha;2013;0
3;Argentina;2013;0
4;Austria;2013;0
5;Canadá;2013;0
6;Coreia do Sul, República;2013;176796
7;Coreia do Norte, República;2013;0
8;Chile;2013;0
9;China;2013;0
10;Dinamarca;2013;0
11;Espanha;2013;9588
12;Estados Unidos;2013;32044
13;França;2013;0
14;Guiana;2013;0
15;Israel;2013;2528
16;itália;2013;771457
17;Japão;2013;0
18;Líbano;2013;0
19;México;2013;0
20;Países Baixos;2013;0
21;Panamá;2013;0
22;Peru;2013;0
23;Portugal;2013;0
24;Reino Unido;2013;0
25;Taiwan;2013;3672
26;Turquia;2013;0
27;Uruguai;2013;0
28;Venezuela;2013;0
29;Outros;2013;0
1;Africa do Sul;2013;68254
2;Alemanha;2013;0
3;Argentina;2013;0
4;Austria;2013;0
5;Canadá;2013;0
6;Coreia do Sul, República;2013;227252
7;Coreia do Norte, República;2013;0
8;Chile;2013;0
9;China;2013;0
10;Dinamarca;2013;0
11;Espanha;2013;8215
12;Estados Unidos;2013;34722
13;França;2013;0
14;Guiana;2013;0
15;Israel;2013;4831
16;itália;2013;408318
17;Japão;2013;0
18;Líbano;2013;0
19;México;2013;0
20;Países Baixos;2013;0
21;Panamá;2013;0
22;Peru;2013;0
23;Portugal;2013;0
24;Reino Unido;2013;0
25;Taiwan;2013;2328
26;Turquia;2013;0
27;Uruguai;2013;0
28;Venezuela;2013;0
29;Outros;2013;0
1;Africa do Sul;2014;43104
2;Alemanha;2014;0
3;Argentina;2014;0
4;Austria;2014;0
5;Canadá;2014;0
6;Coreia do Sul, República;2014;12655
7;Coreia do Norte, República;2014;16704
8;Chile;2014;0
9;China;2014;0
10;Dinamarca;2014;0
11;Espanha;2014;0
12;Estados Unidos;2014;0
13;França;2014;0
14;Guiana;2014;0
15;Israel;2014;0
16;itália;2014;0
17;Japão;2014;0
18;Líbano;2014;0
19;México;2014;0
20;Países Baixos;2014;0
21;Panamá;2014;0
22;Peru;2014;0
23;Portugal;2014;0
24;Reino Unido;2014;0
25;Taiwan;2014;2040
26;Turquia;2014;13428
27;Uruguai;2014;0
28;Venezuela;2014;0
29;Outros;2014;0
1;Africa do Sul;2014;40489
2;Alemanha;2014;0
3;Argentina;2014;0
4;Austria;2014;0
5;Canadá;2014;0
6;Coreia do Sul, República;2014;14784
7;Coreia do Norte, República;2014;24698
8;Chile;2014;0
9;China;2014;0
10;Dinamarca;2014;0
11;Espanha;2014;0
12;Estados Unidos;2014;0
13;França;2014;0
14;Guiana;2014;0
15;Israel;2014;0
16;itália;2014;0
17;Japão;2014;0
18;Líbano;2014;0
19;México;2014;0
20;Países Baixos;2014;0
21;Panamá;2014;0
22;Peru;2014;0
23;Portugal;2014;0
24;Reino Unido;2014;0
25;Taiwan;2014;1294
26;Turquia;2014;10216
27;Uruguai;2014;0
28;Venezuela;2014;0
29;Outros;2014;0
1;Africa do Sul;2015;13125
2;Alemanha;2015;6496
3;Argentina;2015;0
4;Austria;2015;0
5;Canadá;2015;0
6;Coreia do Sul, República;2015;85145
7;Coreia do Norte, República;2015;15651
8;Chile;2015;23790
9;China;2015;0
10;Dinamarca;2015;0
11;Espanha;2015;0
12;Estados Unidos;2015;23578
13;França;2015;862
14;Guiana;2015;0
15;Israel;2015;2575
16;itália;2015;225
17;Japão;2015;0
18;Líbano;2015;0
19;México;2015;0
20;Países Baixos;2015;0
21;Panamá;2015;0
22;Peru;2015;0
23;Portugal;2015;0
24;Reino Unido;2015;0
25;Taiwan;2015;0
26;Turquia;2015;5052
27;Uruguai;2015;0
28;Venezuela;2015;0
29;Outros;2015;0
1;Africa do Sul;2015;13209
2;Alemanha;2015;46692
3;Argentina;2015;0
4;Austria;2015;0
5;Canadá;2015;0
6;Coreia do Sul, República;2015;49712
7;Coreia do Norte, República;2015;22621
8;Chile;2015;29024
9;China;2015;0
10;Dinamarca;2015;0
11;Espanha;2015;0
12;Estados Unidos;2015;28765
13;França;2015;2229
14;Guiana;2015;0
15;Israel;2015;4651
16;itália;2015;771
17;Japão;2015;0
18;Líbano;2015;0
19;México;2015;0
20;Países Baixos;2015;0
21;Panamá;2015;0
22;Peru;2015;0
23;Portugal;2015;0
24;Reino Unido;2015;0
25;Taiwan;2015;0
26;Turquia;2015;3846
27;Uruguai;2015;0
28;Venezuela;2015;0
29;Outros;2015;0
1;Africa do Sul;2016;7154
2;Alemanha;2016;6540
3;Argentina;2016;59028
4;Austria;2016;0
5;Canadá;2016;0
6;Coreia do Sul, República;2016;30022
7;Coreia do Norte, República;2016;0
8;Chile;2016;94940
9;China;2016;0
10;Dinamarca;2016;0
11;Espanha;2016;0
12;Estados Unidos;2016;68730
13;França;2016;0
14;Guiana;2016;0
15;Israel;2016;1200
16;itália;2016;774
17;Japão;2016;0
18;Líbano;2016;0
19;México;2016;0
20;Países Baixos;2016;0
21;Panamá;2016;0
22;Peru;2016;10238
23;Portugal;2016;0
24;Reino Unido;2016;0
25;Taiwan;2016;0
26;Turquia;2016;0
27;Uruguai;2016;0
28;Venezuela;2016;0
29;Outros;2016;0
1;Africa do Sul;2016;5841
2;Alemanha;2016;75902
3;Argentina;2016;80898
4;Austria;2016;0
5;Canadá;2016;0
6;Coreia do Sul, República;2016;44524
7;Coreia do Norte, República;2016;0
8;Chile;2016;183525
9;China;2016;0
10;Dinamarca;2016;0
11;Espanha;2016;0
12;Estados Unidos;2016;108205
13;França;2016;0
14;Guiana;2016;0
15;Israel;2016;1656
16;itália;2016;1594
17;Japão;2016;0
18;Líbano;2016;0
19;México;2016;0
20;Países Baixos;2016;0
21;Panamá;2016;0
22;Peru;2016;8908
23;Portugal;2016;0
24;Reino Unido;2016;0
25;Taiwan;2016;0
26;Turquia;2016;0
27;Uruguai;2016;0
28;Venezuela;2016;0
29;Outros;2016;0
1;Africa do Sul;2017;22029
2;Alemanha;2017;0
3;Argentina;2017;72900
4;Austria;2017;1333
5;Canadá;2017;0
6;Coreia do Sul, República;2017;28927
7;Coreia do Norte, República;2017;0
8;Chile;2017;0
9;China;2017;2475
10;Dinamarca;2017;0
11;Espanha;2017;0
12;Estados Unidos;2017;32691
13;França;2017;0
14;Guiana;2017;0
15;Israel;2017;5340
16;itália;2017;1161
17;Japão;2017;0
18;Líbano;2017;0
19;México;2017;0
20;Países Baixos;2017;0
21;Panamá;2017;0
22;Peru;2017;38321
23;Portugal;2017;4500
24;Reino Unido;2017;0
25;Taiwan;2017;0
26;Turquia;2017;27816
27;Uruguai;2017;0
28;Venezuela;2017;0
29;Outros;2017;0
1;Africa do Sul;2017;17551
2;Alemanha;2017;0
3;Argentina;2017;90518
4;Austria;2017;1467
5;Canadá;2017;0
6;Coreia do Sul, República;2017;41276
7;Coreia do Norte, República;2017;0
8;Chile;2017;0
9;China;2017;2098
10;Dinamarca;2017;0
11;Espanha;2017;0
12;Estados Unidos;2017;40554
13;França;2017;0
14;Guiana;2017;0
15;Israel;2017;7399
16;itália;2017;4254
17;Japão;2017;0
18;Líbano;2017;0
19;México;2017;0
20;Países Baixos;2017;0
21;Panamá;2017;0
22;Peru;2017;37176
23;Portugal;2017;5576
24;Reino Unido;2017;0
25;Taiwan;2017;0
26;Turquia;2017;19461
27;Uruguai;2017;0
28;Venezuela;2017;0
29;Outros;2017;0
1;Africa do Sul;2018;21618
2;Alemanha;2018;80
3;Argentina;2018;2998
4;Austria;2018;0
5;Canadá;2018;0
6;Coreia do Sul, República;2018;77955
7;Coreia do Norte, República;2018;0
8;Chile;2018;0
9;China;2018;0
10;Dinamarca;2018;0
11;Espanha;2018;422
12;Estados Unidos;2018;14541
13;França;2018;0
14;Guiana;2018;0
15;Israel;2018;840
16;itália;2018;0
17;Japão;2018;0
18;Líbano;2018;0
19;México;2018;0
20;Países Baixos;2018;0
21;Panamá;2018;0
22;Peru;2018;0
23;Portugal;2018;0
24;Reino Unido;2018;0
25;Taiwan;2018;0
26;Turquia;2018;0
27;Uruguai;2018;225
28;Venezuela;2018;0
29;Outros;2018;0
1;Africa do Sul;2018;18334
2;Alemanha;2018;652
3;Argentina;2018;3139
4;Austria;2018;0
5;Canadá;2018;0
6;Coreia do Sul, República;2018;99441
7;Coreia do Norte, República;2018;0
8;Chile;2018;0
9;China;2018;0
10;Dinamarca;2018;0
11;Espanha;2018;806
12;Estados Unidos;2018;8226
13;França;2018;0
14;Guiana;2018;0
15;Israel;2018;1034
16;itália;2018;0
17;Japão;2018;0
18;Líbano;2018;0
19;México;2018;0
20;Países Baixos;2018;0
21;Panamá;2018;0
22;Peru;2018;0
23;Portugal;2018;0
24;Reino Unido;2018;0
25;Taiwan;2018;0
26;Turquia;2018;0
27;Uruguai;2018;600
28;Venezuela;2018;0
29;Outros;2018;0
1;Africa do Sul;2019;0
2;Alemanha;2019;0
3;Argentina;2019;0
4;Austria;2019;666
5;Canadá;2019;0
6;Coreia do Sul, República;2019;0
7;Coreia do Norte, República;2019;0
8;Chile;2019;0
9;China;2019;0
10;Dinamarca;2019;0
11;Espanha;2019;0
12;Estados Unidos;2019;9273
13;França;2019;0
14;Guiana;2019;0
15;Israel;2019;3360
16;itália;2019;0
17;Japão;2019;0
18;Líbano;2019;0
19;México;2019;0
20;Países Baixos;2019;0
21;Panamá;2019;0
22;Peru;2019;0
23;Portugal;2019;0
24;Reino Unido;2019;0
25;Taiwan;2019;0
26;Turquia;2019;0
27;Uruguai;2019;0
28;Venezuela;2019;0
29;Outros;2019;0
1;Africa do Sul;2019;0
2;Alemanha;2019;0
3;Argentina;2019;0
4;Austria;2019;655
5;Canadá;2019;0
6;Coreia do Sul, República;2019;0
7;Coreia do Norte, República;2019;0
8;Chile;2019;0
9;China;2019;0
10;Dinamarca;2019;0
11;Espanha;2019;0
12;Estados Unidos;2019;14093
13;França;2019;0
14;Guiana;2019;0
15;Israel;2019;3609
16;itália;2019;0
17;Japão;2019;0
18;Líbano;2019;0
19;México;2019;0
20;Países Baixos;2019;0
21;Panamá;2019;0
22;Peru;2019;0
23;Portugal;2019;0
24;Reino Unido;2019;0
25;Taiwan;2019;0
26;Turquia;2019;0
27;Uruguai;2019;0
28;Venezuela;2019;0
29;Outros;2019;0
1;Africa do Sul;2020;0
2;Alemanha;2020;0
3;Argentina;2020;0
4;Austria;2020;0
5;Canadá;2020;0
6;Coreia do Sul, República;2020;0
7;Coreia do Norte, República;2020;0
8;Chile;2020;0
9;China;2020;0
10;Dinamarca;2020;0
11;Espanha;2020;0
12;Estados Unidos;2020;28180
13;França;2020;0
14;Guiana;2020;0
15;Israel;2020;0
16;itália;2020;0
17;Japão;2020;0
18;Líbano;2020;0
19;México;2020;0
20;Países Baixos;2020;0
21;Panamá;2020;0
22;Peru;2020;0
23;Portugal;2020;0
24;Reino Unido;2020;0
25;Taiwan;2020;0
26;Turquia;2020;0
27;Uruguai;2020;0
28;Venezuela;2020;0
29;Outros;2020;0
1;Africa do Sul;2020;0
2;Alemanha;2020;0
3;Argentina;2020;0
4;Austria;2020;0
5;Canadá;2020;0
6;Coreia do Sul, República;2020;0
7;Coreia do Norte, República;2020;0
8;Chile;2020;0
9;China;2020;0
10;Dinamarca;2020;0
11;Espanha;2020;0
12;Estados Unidos;2020;25418
13;França;2020;0
14;Guiana;2020;0
15;Israel;2020;0
16;itália;2020;0
17;Japão;2020;0
18;Líbano;2020;0
19;México;2020;0
20;Países Baixos;2020;0
21;Panamá;2020;0
22;Peru;2020;0
23;Portugal;2020;0
24;Reino Unido;2020;0
25;Taiwan;2020;0
26;Turquia;2020;0
27;Uruguai;2020;0
28;Venezuela;2020;0
29;Outros;2020;0
1;Africa do Sul;2021;0
2;Alemanha;2021;0
3;Argentina;2021;0
4;Austria;2021;0
5;Canadá;2021;0
6;Coreia do Sul, República;2021;0
7;Coreia do Norte, República;2021;0
8;Chile;2021;0
9;China;2021;0
10;Dinamarca;2021;0
11;Espanha;2021;0
12;Estados Unidos;2021;3870
13;França;2021;0
14;Guiana;2021;0
15;Israel;2021;720
16;itália;2021;0
17;Japão;2021;0
18;Líbano;2021;0
19;México;2021;0
20;Países Baixos;2021;0
21;Panamá;2021;0
22;Peru;2021;0
23;Portugal;2021;0
24;Reino Unido;2021;0
25;Taiwan;2021;0
26;Turquia;2021;0
27;Uruguai;2021;0
28;Venezuela;2021;0
29;Outros;2021;0
1;Africa do Sul;2021;0
2;Alemanha;2021;0
3;Argentina;2021;0
4;Austria;2021;0
5;Canadá;2021;0
6;Coreia do Sul, República;2021;0
7;Coreia do Norte, República;2021;0
8;Chile;2021;0
9;China;2021;0
10;Dinamarca;2021;0
11;Espanha;2021;0
12;Estados Unidos;2021;3551
13;França;2021;0
14;Guiana;2021;0
15;Israel;2021;969
16;itália;2021;0
17;Japão;2021;0
18;Líbano;2021;0
19;México;2021;0
20;Países Baixos;2021;0
21;Panamá;2021;0
22;Peru;2021;0
23;Portugal;2021;0
24;Reino Unido;2021;0
25;Taiwan;2021;0
26;Turquia;2021;0
27;Uruguai;2021;0
28;Venezuela;2021;0
29;Outros;2021;0
1;Africa do Sul;2022;0
2;Alemanha;2022;0
3;Argentina;2022;0
4;Austria;2022;0
5;Canadá;2022;0
6;Coreia do Sul, República;2022;0
7;Coreia do Norte, República;2022;0
8;Chile;2022;0
9;China;2022;0
10;Dinamarca;2022;0
11;Espanha;2022;0
12;Estados Unidos;2022;29414
13;França;2022;0
14;Guiana;2022;0
15;Israel;2022;0
16;itália;2022;0
17;Japão;2022;0
18;Líbano;2022;0
19;México;2022;0
20;Países Baixos;2022;0
21;Panamá;2022;0
22;Peru;2022;0
23;Portugal;2022;0
24;Reino Unido;2022;0
25;Taiwan;2022;0
26;Turquia;2022;0
27;Uruguai;2022;0
28;Venezuela;2022;0
29;Outros;2022;0
1;Africa do Sul;2022;0
2;Alemanha;2022;0
3;Argentina;2022;0
4;Austria;2022;0
5;Canadá;2022;0
6;Coreia do Sul, República;2022;0
7;Coreia do Norte, República;2022;0
8;Chile;2022;0
9;China;2022;0
10;Dinamarca;2022;0
11;Espanha;2022;0
12;Estados Unidos;2022;16781
13;França;2022;0
14;Guiana;2022;0
15;Israel;2022;0
16;itália;2022;0
17;Japão;2022;0
18;Líbano;2022;0
19;México;2022;0
20;Países Baixos;2022;0
21;Panamá;2022;0
22;Peru;2022;0
23;Portugal;2022;0
24;Reino Unido;2022;0
25;Taiwan;2022;0
26;Turquia;2022;0
27;Uruguai;2022;0
28;Venezuela;2022;0
29;Outros;2022;0
1;Africa do Sul;2023;0
2;Alemanha;2023;0
3;Argentina;2023;0
4;Austria;2023;0
5;Canadá;2023;0
6;Coreia do Sul, República;2023;0
7;Coreia do Norte, República;2023;0
8;Chile;2023;0
9;China;2023;0
10;Dinamarca;2023;0
11;Espanha;2023;0
12;Estados Unidos;2023;28627
13;França;2023;0
14;Guiana;2023;0
15;Israel;2023;0
16;itália;2023;1836
17;Japão;2023;0
18;Líbano;2023;0
19;México;2023;0
20;Países Baixos;2023;0
21;Panamá;2023;0
22;Peru;2023;0
23;Portugal;2023;0
24;Reino Unido;2023;0
25;Taiwan;2023;0
26;Turquia;2023;0
27;Uruguai;2023;0
28;Venezuela;2023;0
29;Outros;2023;0
1;Africa do Sul;2023;0
2;Alemanha;2023;0
3;Argentina;2023;0
4;Austria;2023;0
5;Canadá;2023;0
6;Coreia do Sul, República;2023;0
7;Coreia do Norte, República;2023;0
8;Chile;2023;0
9;China;2023;0
10;Dinamarca;2023;0
11;Espanha;2023;0
12;Estados Unidos;2023;15200
13;França;2023;0
14;Guiana;2023;0
15;Israel;2023;0
16;itália;2023;1966
17;Japão;2023;0
18;Líbano;2023;0
19;México;2023;0
20;Países Baixos;2023;0
21;Panamá;2023;0
22;Peru;2023;0
23;Portugal;2023;0
24;Reino Unido;2023;0
25;Taiwan;2023;0
26;Turquia;2023;0
27;Uruguai;2023;0
28;Venezuela;2023;0
29;Outros;2023;0
1;Africa do Sul;2024;0
2;Alemanha;2024;0
3;Argentina;2024;0
4;Austria;2024;0
5;Canadá;2024;0
6;Coreia do Sul, República;2024;0
7;Coreia do Norte, República;2024;0
8;Chile;2024;71370
9;China;2024;0
10;Dinamarca;2024;0
11;Espanha;2024;1323
12;Estados Unidos;2024;26973
13;França;2024;0
14;Guiana;2024;0
15;Israel;2024;0
16;itália;2024;1680
17;Japão;2024;0
18;Líbano;2024;0
19;México;2024;0
20;Países Baixos;2024;0
21;Panamá;2024;0
22;Peru;2024;0
23;Portugal;2024;0
24;Reino Unido;2024;0
25;Taiwan;2024;0
26;Turquia;2024;0
27;Uruguai;2024;0
28;Venezuela;2024;0
29;Outros;2024;0
1;Africa do Sul;2024;0
2;Alemanha;2024;0
3;Argentina;2024;0
4;Austria;2024;0
5;Canadá;2024;0
6;Coreia do Sul, República;2024;0
7;Coreia do Norte, República;2024;0
8;Chile;2024;144718
9;China;2024;0
10;Dinamarca;2024;0
11;Espanha;2024;2839
12;Estados Unidos;2024;16049
13;França;2024;0
14;Guiana;2024;0
15;Israel;2024;0
16;itália;2024;1760
17;Japão;2024;0
18;Líbano;2024;0
19;México;2024;0
20;Países Baixos;2024;0
21;Panamá;2024;0
22;Peru;2024;0
23;Portugal;2024;0
24;Reino Unido;2024;0
25;Taiwan;2024;0
26;Turquia;2024;0
27;Uruguai;2024;0
28;Venezuela;2024;0
29;Outros;2024;0
